scene_id,start,end,caption,prompt
scene-001,0.0,8.0,"You're about to learn prayer techniques that almost no one talks about anymore. Methods so old they were practiced by the very first generations of Christians,","2nd-century early Christian world; candlelit interiors/courtyards/catacombs; warm cinematic lighting; documentary realism; gentle camera movement; filmic grain; no identifiable faces; respectful, reverent tone. Depict: You're about to learn prayer techniques that almost no one talks about anymore. Methods so old they were practiced by the very first generations of Christians,. Visual theme: opening transition from modern to 2nd century; dawn light over Mediterranean city; parchment textures. Aspect 16:9, cinematic, natural light."
scene-002,8.0,16.0,"Methods so old they were practiced by the very first generations of Christians, and so powerful that believers swore they could keep you in God's presence every moment of the day. The","2nd-century early Christian world; candlelit interiors/courtyards/catacombs; warm cinematic lighting; documentary realism; gentle camera movement; filmic grain; no identifiable faces; respectful, reverent tone. Depict: Methods so old they were practiced by the very first generations of Christians, and so powerful that believers swore they could keep you in God's presence every moment of the day. The. Visual theme: opening transition from modern to 2nd century; dawn light over Mediterranean city; parchment textures. Aspect 16:9, cinematic, natural light."
scene-003,16.0,24.0,"The amazing thing? You can still do them now, in ways very close to how they did nearly 2,000 years ago. The year is 140 AD. Christianity is only about a century","2nd-century early Christian world; candlelit interiors/courtyards/catacombs; warm cinematic lighting; documentary realism; gentle camera movement; filmic grain; no identifiable faces; respectful, reverent tone. Depict: The amazing thing? You can still do them now, in ways very close to how they did nearly 2,000 years ago. The year is 140 AD. Christianity is only about a century. Visual theme: opening transition from modern to 2nd century; dawn light over Mediterranean city; parchment textures. Aspect 16:9, cinematic, natural light."
scene-004,24.0,32.0,"The year is 140 AD. Christianity is only about a century old. In most cities, believers meet quietly in private homes. Sometimes in workshops or shaded courtyards.","2nd-century early Christian world; candlelit interiors/courtyards/catacombs; warm cinematic lighting; documentary realism; gentle camera movement; filmic grain; no identifiable faces; respectful, reverent tone. Depict: The year is 140 AD. Christianity is only about a century old. In most cities, believers meet quietly in private homes. Sometimes in workshops or shaded courtyards.. Visual theme: house-church gathering; hush; hands and silhouettes; lamplight; close intimacy. Aspect 16:9, cinematic, natural light."
scene-005,32.0,40.0,"Sometimes in workshops or shaded courtyards. There are no printed Bibles yet. That won't happen for more than 1,000 years. Instead, they treasure hand-copied codices, the early form of the bound book,","2nd-century early Christian world; candlelit interiors/courtyards/catacombs; warm cinematic lighting; documentary realism; gentle camera movement; filmic grain; no identifiable faces; respectful, reverent tone. Depict: Sometimes in workshops or shaded courtyards. There are no printed Bibles yet. That won't happen for more than 1,000 years. Instead, they treasure hand-copied codices, the early form of the bound book,. Visual theme: codices and scrolls; ink, reed pens; lector reading to a small circle. Aspect 16:9, cinematic, natural light."
scene-006,40.0,48.0,"Instead, they treasure hand-copied codices, the early form of the bound book, and sometimes scrolls, each containing portions of the scriptures. In their Sunday worship, they hear readings from the memoirs of","2nd-century early Christian world; candlelit interiors/courtyards/catacombs; warm cinematic lighting; documentary realism; gentle camera movement; filmic grain; no identifiable faces; respectful, reverent tone. Depict: Instead, they treasure hand-copied codices, the early form of the bound book, and sometimes scrolls, each containing portions of the scriptures. In their Sunday worship, they hear readings from the memoirs of. Visual theme: codices and scrolls; ink, reed pens; lector reading to a small circle. Aspect 16:9, cinematic, natural light."
scene-007,48.0,56.0,"In their Sunday worship, they hear readings from the memoirs of the apostles, meaning the gospels, and from the prophets of the Hebrew scriptures. This isn't just a guess.","2nd-century early Christian world; candlelit interiors/courtyards/catacombs; warm cinematic lighting; documentary realism; gentle camera movement; filmic grain; no identifiable faces; respectful, reverent tone. Depict: In their Sunday worship, they hear readings from the memoirs of the apostles, meaning the gospels, and from the prophets of the Hebrew scriptures. This isn't just a guess.. Visual theme: codices and scrolls; ink, reed pens; lector reading to a small circle. Aspect 16:9, cinematic, natural light."
scene-008,56.0,64.0,"It's exactly how the Christian philosopher Justin Martyr described the liturgy around this time. Justin was a former pagan who became one of the first great Christian apologists,","2nd-century early Christian world; candlelit interiors/courtyards/catacombs; warm cinematic lighting; documentary realism; gentle camera movement; filmic grain; no identifiable faces; respectful, reverent tone. Depict: It's exactly how the Christian philosopher Justin Martyr described the liturgy around this time. Justin was a former pagan who became one of the first great Christian apologists,. Visual theme: codices and scrolls; ink, reed pens; lector reading to a small circle. Aspect 16:9, cinematic, natural light."
scene-009,64.0,72.0,"Justin was a former pagan who became one of the first great Christian apologists, explaining the faith to Roman audiences, and leaving us invaluable eyewitness accounts of early Christian worship. In some","2nd-century early Christian world; candlelit interiors/courtyards/catacombs; warm cinematic lighting; documentary realism; gentle camera movement; filmic grain; no identifiable faces; respectful, reverent tone. Depict: Justin was a former pagan who became one of the first great Christian apologists, explaining the faith to Roman audiences, and leaving us invaluable eyewitness accounts of early Christian worship. In some. Visual theme: codices and scrolls; ink, reed pens; lector reading to a small circle. Aspect 16:9, cinematic, natural light."
scene-010,72.0,80.0,"Christian worship. In some cities, Christians also meet for commemorations at the tombs of martyrs, deep in the catacombs. These underground burial networks were not everyday hiding places,","2nd-century early Christian world; candlelit interiors/courtyards/catacombs; warm cinematic lighting; documentary realism; gentle camera movement; filmic grain; no identifiable faces; respectful, reverent tone. Depict: Christian worship. In some cities, Christians also meet for commemorations at the tombs of martyrs, deep in the catacombs. These underground burial networks were not everyday hiding places,. Visual theme: codices and scrolls; ink, reed pens; lector reading to a small circle. Aspect 16:9, cinematic, natural light."
scene-011,80.0,88.0,"deep in the catacombs. These underground burial networks were not everyday hiding places, but sacred memorial spaces where the faithful gathered for prayers and remembrance. Persecution wasn't constant across the empire, but","2nd-century early Christian world; candlelit interiors/courtyards/catacombs; warm cinematic lighting; documentary realism; gentle camera movement; filmic grain; no identifiable faces; respectful, reverent tone. Depict: deep in the catacombs. These underground burial networks were not everyday hiding places, but sacred memorial spaces where the faithful gathered for prayers and remembrance. Persecution wasn't constant across the empire, but. Visual theme: catacombs memorial; lanterns, carved niches; reverent meal; incense. Aspect 16:9, cinematic, natural light."
scene-012,88.0,96.0,"Persecution wasn't constant across the empire, but in certain places, it was a real danger. One of the central spiritual disciplines of the time was scriptural rumination.","2nd-century early Christian world; candlelit interiors/courtyards/catacombs; warm cinematic lighting; documentary realism; gentle camera movement; filmic grain; no identifiable faces; respectful, reverent tone. Depict: Persecution wasn't constant across the empire, but in certain places, it was a real danger. One of the central spiritual disciplines of the time was scriptural rumination.. Visual theme: catacombs memorial; lanterns, carved niches; reverent meal; incense. Aspect 16:9, cinematic, natural light."
scene-013,96.0,104.0,"One of the central spiritual disciplines of the time was scriptural rumination. This practice goes back to the Hebrew tradition of Haga, softly murmuring the words of scripture over and over until","2nd-century early Christian world; candlelit interiors/courtyards/catacombs; warm cinematic lighting; documentary realism; gentle camera movement; filmic grain; no identifiable faces; respectful, reverent tone. Depict: One of the central spiritual disciplines of the time was scriptural rumination. This practice goes back to the Hebrew tradition of Haga, softly murmuring the words of scripture over and over until. Visual theme: scriptural rumination in daily life—market walk, loom, shepherd track; lips off-screen murmuring. Aspect 16:9, cinematic, natural light."
scene-014,104.0,112.0,softly murmuring the words of scripture over and over until they sink into the heart. It wasn't Bible study in the modern sense. It was prayer with rhythm. The great Christian scholar,"2nd-century early Christian world; candlelit interiors/courtyards/catacombs; warm cinematic lighting; documentary realism; gentle camera movement; filmic grain; no identifiable faces; respectful, reverent tone. Depict: softly murmuring the words of scripture over and over until they sink into the heart. It wasn't Bible study in the modern sense. It was prayer with rhythm. The great Christian scholar. Visual theme: scriptural rumination in daily life—market walk, loom, shepherd track; lips off-screen murmuring. Aspect 16:9, cinematic, natural light."
scene-015,112.0,120.0,"The great Christian scholar Origen, writing in the early third century, compared God's word to the bread of life that nourishes the soul, urging believers to feed on it daily. Because most","2nd-century early Christian world; candlelit interiors/courtyards/catacombs; warm cinematic lighting; documentary realism; gentle camera movement; filmic grain; no identifiable faces; respectful, reverent tone. Depict: The great Christian scholar Origen, writing in the early third century, compared God's word to the bread of life that nourishes the soul, urging believers to feed on it daily. Because most. Visual theme: scriptural rumination in daily life—market walk, loom, shepherd track; lips off-screen murmuring. Aspect 16:9, cinematic, natural light."
scene-016,120.0,128.0,"it daily. Because most people didn't own their own copies of scripture, they would take a single verse from the weekly readings and carry it in memory all week. Repeating it while","2nd-century early Christian world; candlelit interiors/courtyards/catacombs; warm cinematic lighting; documentary realism; gentle camera movement; filmic grain; no identifiable faces; respectful, reverent tone. Depict: it daily. Because most people didn't own their own copies of scripture, they would take a single verse from the weekly readings and carry it in memory all week. Repeating it while. Visual theme: scriptural rumination in daily life—market walk, loom, shepherd track; lips off-screen murmuring. Aspect 16:9, cinematic, natural light."
scene-017,128.0,136.0,"verse from the weekly readings and carry it in memory all week. Repeating it while walking to market, weaving cloth, or resting in the evening. Over time, the verse would surface on","2nd-century early Christian world; candlelit interiors/courtyards/catacombs; warm cinematic lighting; documentary realism; gentle camera movement; filmic grain; no identifiable faces; respectful, reverent tone. Depict: verse from the weekly readings and carry it in memory all week. Repeating it while walking to market, weaving cloth, or resting in the evening. Over time, the verse would surface on. Visual theme: scriptural rumination in daily life—market walk, loom, shepherd track; lips off-screen murmuring. Aspect 16:9, cinematic, natural light."
scene-018,136.0,144.0,"unprompted, like a song that plays in the mind without you willing it. If you try this today, choose a short verse. For example, The Lord is my shepherd, and repeat it","2nd-century early Christian world; candlelit interiors/courtyards/catacombs; warm cinematic lighting; documentary realism; gentle camera movement; filmic grain; no identifiable faces; respectful, reverent tone. Depict: unprompted, like a song that plays in the mind without you willing it. If you try this today, choose a short verse. For example, The Lord is my shepherd, and repeat it. Visual theme: scriptural rumination in daily life—market walk, loom, shepherd track; lips off-screen murmuring. Aspect 16:9, cinematic, natural light."
scene-019,144.0,152.0,"choose a short verse. For example, The Lord is my shepherd, and repeat it slowly in rhythm with your breathing. If you stay with it for days or weeks, you may notice","2nd-century early Christian world; candlelit interiors/courtyards/catacombs; warm cinematic lighting; documentary realism; gentle camera movement; filmic grain; no identifiable faces; respectful, reverent tone. Depict: choose a short verse. For example, The Lord is my shepherd, and repeat it slowly in rhythm with your breathing. If you stay with it for days or weeks, you may notice. Visual theme: scriptural rumination in daily life—market walk, loom, shepherd track; lips off-screen murmuring. Aspect 16:9, cinematic, natural light."
scene-020,152.0,160.0,"effort. That's when it has moved from your memory into the heart. From this constant conversation with scripture, another discipline naturally flowed, one that's even more challenging,","2nd-century early Christian world; candlelit interiors/courtyards/catacombs; warm cinematic lighting; documentary realism; gentle camera movement; filmic grain; no identifiable faces; respectful, reverent tone. Depict: effort. That's when it has moved from your memory into the heart. From this constant conversation with scripture, another discipline naturally flowed, one that's even more challenging,. Visual theme: scriptural rumination in daily life—market walk, loom, shepherd track; lips off-screen murmuring. Aspect 16:9, cinematic, natural light."
scene-021,160.0,168.0,"with scripture, another discipline naturally flowed, one that's even more challenging, giving thanks for everything. The Apostle Paul, writing to the Thessalonian church around the year 50 AD, urged them, In everything,","2nd-century early Christian world; candlelit interiors/courtyards/catacombs; warm cinematic lighting; documentary realism; gentle camera movement; filmic grain; no identifiable faces; respectful, reverent tone. Depict: with scripture, another discipline naturally flowed, one that's even more challenging, giving thanks for everything. The Apostle Paul, writing to the Thessalonian church around the year 50 AD, urged them, In everything,. Visual theme: scriptural rumination in daily life—market walk, loom, shepherd track; lips off-screen murmuring. Aspect 16:9, cinematic, natural light."
scene-022,168.0,176.0,"year 50 AD, urged them, In everything, give thanks, for this is the will of God in Christ Jesus for you. One of the clearest examples comes from Polycarp, the bishop of","2nd-century early Christian world; candlelit interiors/courtyards/catacombs; warm cinematic lighting; documentary realism; gentle camera movement; filmic grain; no identifiable faces; respectful, reverent tone. Depict: year 50 AD, urged them, In everything, give thanks, for this is the will of God in Christ Jesus for you. One of the clearest examples comes from Polycarp, the bishop of. Visual theme: scriptural rumination in daily life—market walk, loom, shepherd track; lips off-screen murmuring. Aspect 16:9, cinematic, natural light."
scene-023,176.0,184.0,"One of the clearest examples comes from Polycarp, the bishop of Smyrna, who lived at the same time as some of the apostles' disciples. In the account of his martyrdom, written in","2nd-century early Christian world; candlelit interiors/courtyards/catacombs; warm cinematic lighting; documentary realism; gentle camera movement; filmic grain; no identifiable faces; respectful, reverent tone. Depict: One of the clearest examples comes from Polycarp, the bishop of Smyrna, who lived at the same time as some of the apostles' disciples. In the account of his martyrdom, written in. Visual theme: scriptural rumination in daily life—market walk, loom, shepherd track; lips off-screen murmuring. Aspect 16:9, cinematic, natural light."
scene-024,184.0,192.0,"mid-second century, Polycarp prays a long thanksgiving to God as he stands bound at the stake, moments from being executed. His gratitude wasn't denial. It was a declaration of trust,","2nd-century early Christian world; candlelit interiors/courtyards/catacombs; warm cinematic lighting; documentary realism; gentle camera movement; filmic grain; no identifiable faces; respectful, reverent tone. Depict: mid-second century, Polycarp prays a long thanksgiving to God as he stands bound at the stake, moments from being executed. His gratitude wasn't denial. It was a declaration of trust,. Visual theme: scriptural rumination in daily life—market walk, loom, shepherd track; lips off-screen murmuring. Aspect 16:9, cinematic, natural light."
scene-025,192.0,200.0,"moments from being executed. His gratitude wasn't denial. It was a declaration of trust, even in the face of death. If you want to practice this today, start simple. In the morning,","2nd-century early Christian world; candlelit interiors/courtyards/catacombs; warm cinematic lighting; documentary realism; gentle camera movement; filmic grain; no identifiable faces; respectful, reverent tone. Depict: moments from being executed. His gratitude wasn't denial. It was a declaration of trust, even in the face of death. If you want to practice this today, start simple. In the morning,. Visual theme: scriptural rumination in daily life—market walk, loom, shepherd track; lips off-screen murmuring. Aspect 16:9, cinematic, natural light."
scene-026,200.0,208.0,"thank God for waking you. In moments of joy, say thank you aloud. In difficulty, thank Him for being with you, for giving strength, and for the redemption you may not yet","2nd-century early Christian world; candlelit interiors/courtyards/catacombs; warm cinematic lighting; documentary realism; gentle camera movement; filmic grain; no identifiable faces; respectful, reverent tone. Depict: thank God for waking you. In moments of joy, say thank you aloud. In difficulty, thank Him for being with you, for giving strength, and for the redemption you may not yet. Visual theme: scriptural rumination in daily life—market walk, loom, shepherd track; lips off-screen murmuring. Aspect 16:9, cinematic, natural light."
scene-027,208.0,216.0,"thank Him for being with you, for giving strength, and for the redemption you may not yet see. Over time, this can change your reflexes, where anxiety or irritation might have risen","2nd-century early Christian world; candlelit interiors/courtyards/catacombs; warm cinematic lighting; documentary realism; gentle camera movement; filmic grain; no identifiable faces; respectful, reverent tone. Depict: thank Him for being with you, for giving strength, and for the redemption you may not yet see. Over time, this can change your reflexes, where anxiety or irritation might have risen. Visual theme: scriptural rumination in daily life—market walk, loom, shepherd track; lips off-screen murmuring. Aspect 16:9, cinematic, natural light."
scene-028,216.0,224.0,"Over time, this can change your reflexes, where anxiety or irritation might have risen first, thanksgiving comes instead. And with it, a steadiness that hardship can't shake. For early Christians, the highlight","2nd-century early Christian world; candlelit interiors/courtyards/catacombs; warm cinematic lighting; documentary realism; gentle camera movement; filmic grain; no identifiable faces; respectful, reverent tone. Depict: Over time, this can change your reflexes, where anxiety or irritation might have risen first, thanksgiving comes instead. And with it, a steadiness that hardship can't shake. For early Christians, the highlight. Visual theme: practice repeating verse with breath; close on hands at work; gentle rhythm. Aspect 16:9, cinematic, natural light."
scene-029,224.0,232.0,"For early Christians, the highlight of worship was not the sermon, or even the scripture reading. It was the Eucharist, also called the Lord's Supper or Holy Communion. In small house gatherings,","2nd-century early Christian world; candlelit interiors/courtyards/catacombs; warm cinematic lighting; documentary realism; gentle camera movement; filmic grain; no identifiable faces; respectful, reverent tone. Depict: For early Christians, the highlight of worship was not the sermon, or even the scripture reading. It was the Eucharist, also called the Lord's Supper or Holy Communion. In small house gatherings,. Visual theme: practice repeating verse with breath; close on hands at work; gentle rhythm. Aspect 16:9, cinematic, natural light."
scene-030,232.0,240.0,"It was the Eucharist, also called the Lord's Supper or Holy Communion. In small house gatherings, or modest meeting halls, bread and wine were blessed with the words of Jesus, just as","2nd-century early Christian world; candlelit interiors/courtyards/catacombs; warm cinematic lighting; documentary realism; gentle camera movement; filmic grain; no identifiable faces; respectful, reverent tone. Depict: It was the Eucharist, also called the Lord's Supper or Holy Communion. In small house gatherings, or modest meeting halls, bread and wine were blessed with the words of Jesus, just as. Visual theme: practice repeating verse with breath; close on hands at work; gentle rhythm. Aspect 16:9, cinematic, natural light."
scene-031,240.0,248.0,"them at the Last Supper: This is my body. This is my blood. They believed this was no mere symbol. In their eyes, Christ himself was truly present in this meal. And","2nd-century early Christian world; candlelit interiors/courtyards/catacombs; warm cinematic lighting; documentary realism; gentle camera movement; filmic grain; no identifiable faces; respectful, reverent tone. Depict: them at the Last Supper: This is my body. This is my blood. They believed this was no mere symbol. In their eyes, Christ himself was truly present in this meal. And. Visual theme: practice repeating verse with breath; close on hands at work; gentle rhythm. Aspect 16:9, cinematic, natural light."
scene-032,248.0,256.0,"In their eyes, Christ himself was truly present in this meal. And that meant the moments after receiving communion were among the holiest in the entire Christian life. The early Church Fathers","2nd-century early Christian world; candlelit interiors/courtyards/catacombs; warm cinematic lighting; documentary realism; gentle camera movement; filmic grain; no identifiable faces; respectful, reverent tone. Depict: In their eyes, Christ himself was truly present in this meal. And that meant the moments after receiving communion were among the holiest in the entire Christian life. The early Church Fathers. Visual theme: practice repeating verse with breath; close on hands at work; gentle rhythm. Aspect 16:9, cinematic, natural light."
scene-033,256.0,264.0,"The early Church Fathers encouraged believers not to rush away after receiving, but to remain in prayer. Saint Cyril of Jerusalem, a 4th-century bishop who instructed","2nd-century early Christian world; candlelit interiors/courtyards/catacombs; warm cinematic lighting; documentary realism; gentle camera movement; filmic grain; no identifiable faces; respectful, reverent tone. Depict: The early Church Fathers encouraged believers not to rush away after receiving, but to remain in prayer. Saint Cyril of Jerusalem, a 4th-century bishop who instructed. Visual theme: practice repeating verse with breath; close on hands at work; gentle rhythm. Aspect 16:9, cinematic, natural light."
scene-034,264.0,272.0,"but to remain in prayer. Saint Cyril of Jerusalem, a 4th-century bishop who instructed new converts in the faith, told his students, When you have bowed the knee, adore Christ, pray in","2nd-century early Christian world; candlelit interiors/courtyards/catacombs; warm cinematic lighting; documentary realism; gentle camera movement; filmic grain; no identifiable faces; respectful, reverent tone. Depict: but to remain in prayer. Saint Cyril of Jerusalem, a 4th-century bishop who instructed new converts in the faith, told his students, When you have bowed the knee, adore Christ, pray in. Visual theme: practice repeating verse with breath; close on hands at work; gentle rhythm. Aspect 16:9, cinematic, natural light."
scene-035,272.0,280.0,"pray in spirit and truth. For him, communion was a real meeting with the risen Jesus, worthy of deep, wordless adoration. You can practice this today. After receiving the Eucharist,","2nd-century early Christian world; candlelit interiors/courtyards/catacombs; warm cinematic lighting; documentary realism; gentle camera movement; filmic grain; no identifiable faces; respectful, reverent tone. Depict: pray in spirit and truth. For him, communion was a real meeting with the risen Jesus, worthy of deep, wordless adoration. You can practice this today. After receiving the Eucharist,. Visual theme: practice repeating verse with breath; close on hands at work; gentle rhythm. Aspect 16:9, cinematic, natural light."
scene-036,280.0,288.0,"worthy of deep, wordless adoration. You can practice this today. After receiving the Eucharist, or for those in traditions without weekly communion, during a moment of silent prayer,","2nd-century early Christian world; candlelit interiors/courtyards/catacombs; warm cinematic lighting; documentary realism; gentle camera movement; filmic grain; no identifiable faces; respectful, reverent tone. Depict: worthy of deep, wordless adoration. You can practice this today. After receiving the Eucharist, or for those in traditions without weekly communion, during a moment of silent prayer,. Visual theme: practice repeating verse with breath; close on hands at work; gentle rhythm. Aspect 16:9, cinematic, natural light."
scene-037,288.0,296.0,"close your eyes, slow your breathing, and let your awareness sink from the mind into the heart. Instead of thinking about Christ, simply be with Him. Some believers describe feeling warmth in","2nd-century early Christian world; candlelit interiors/courtyards/catacombs; warm cinematic lighting; documentary realism; gentle camera movement; filmic grain; no identifiable faces; respectful, reverent tone. Depict: close your eyes, slow your breathing, and let your awareness sink from the mind into the heart. Instead of thinking about Christ, simply be with Him. Some believers describe feeling warmth in. Visual theme: thanksgiving under trial; steadfast posture; torches and crowd silhouettes (no violence). Aspect 16:9, cinematic, natural light."
scene-038,296.0,304.0,"Instead of thinking about Christ, simply be with Him. Some believers describe feeling warmth in the chest, or a deep stillness, or even a widened sense of inner space. These aren't the","2nd-century early Christian world; candlelit interiors/courtyards/catacombs; warm cinematic lighting; documentary realism; gentle camera movement; filmic grain; no identifiable faces; respectful, reverent tone. Depict: Instead of thinking about Christ, simply be with Him. Some believers describe feeling warmth in the chest, or a deep stillness, or even a widened sense of inner space. These aren't the. Visual theme: thanksgiving under trial; steadfast posture; torches and crowd silhouettes (no violence). Aspect 16:9, cinematic, natural light."
scene-039,304.0,312.0,"the chest, or a deep stillness, or even a widened sense of inner space. These aren't the goal. They're signs of a heart at rest in God's presence. From this stillness at","2nd-century early Christian world; candlelit interiors/courtyards/catacombs; warm cinematic lighting; documentary realism; gentle camera movement; filmic grain; no identifiable faces; respectful, reverent tone. Depict: the chest, or a deep stillness, or even a widened sense of inner space. These aren't the goal. They're signs of a heart at rest in God's presence. From this stillness at. Visual theme: thanksgiving under trial; steadfast posture; torches and crowd silhouettes (no violence). Aspect 16:9, cinematic, natural light."
scene-040,312.0,320.0,"some felt called into an even deeper stillness, one that extended beyond the liturgy into every hour of the day. This was known as Hesychia, a Greek word meaning quietness, or silence.","2nd-century early Christian world; candlelit interiors/courtyards/catacombs; warm cinematic lighting; documentary realism; gentle camera movement; filmic grain; no identifiable faces; respectful, reverent tone. Depict: some felt called into an even deeper stillness, one that extended beyond the liturgy into every hour of the day. This was known as Hesychia, a Greek word meaning quietness, or silence.. Visual theme: thanksgiving under trial; steadfast posture; torches and crowd silhouettes (no violence). Aspect 16:9, cinematic, natural light."
scene-041,320.0,328.0,"hour of the day. This was known as Hesychia, a Greek word meaning quietness, or silence. Hesychia became central to the lives of the desert fathers and mothers, monks and nuns who,","2nd-century early Christian world; candlelit interiors/courtyards/catacombs; warm cinematic lighting; documentary realism; gentle camera movement; filmic grain; no identifiable faces; respectful, reverent tone. Depict: hour of the day. This was known as Hesychia, a Greek word meaning quietness, or silence. Hesychia became central to the lives of the desert fathers and mothers, monks and nuns who,. Visual theme: thanksgiving under trial; steadfast posture; torches and crowd silhouettes (no violence). Aspect 16:9, cinematic, natural light."
scene-042,328.0,336.0,"Hesychia became central to the lives of the desert fathers and mothers, monks and nuns who, beginning in the late 3rd and early 4th centuries, withdrew into the deserts of Egypt, Syria,","2nd-century early Christian world; candlelit interiors/courtyards/catacombs; warm cinematic lighting; documentary realism; gentle camera movement; filmic grain; no identifiable faces; respectful, reverent tone. Depict: Hesychia became central to the lives of the desert fathers and mothers, monks and nuns who, beginning in the late 3rd and early 4th centuries, withdrew into the deserts of Egypt, Syria,. Visual theme: thanksgiving under trial; steadfast posture; torches and crowd silhouettes (no violence). Aspect 16:9, cinematic, natural light."
scene-043,336.0,344.0,"Syria, and Palestine, to seek God without distraction. They believed that to know God deeply, you had to quiet not just your surroundings but your inner life. One of the most influential","2nd-century early Christian world; candlelit interiors/courtyards/catacombs; warm cinematic lighting; documentary realism; gentle camera movement; filmic grain; no identifiable faces; respectful, reverent tone. Depict: Syria, and Palestine, to seek God without distraction. They believed that to know God deeply, you had to quiet not just your surroundings but your inner life. One of the most influential. Visual theme: thanksgiving under trial; steadfast posture; torches and crowd silhouettes (no violence). Aspect 16:9, cinematic, natural light."
scene-044,344.0,352.0,"you had to quiet not just your surroundings but your inner life. One of the most influential teachers of this path, Evagrius Ponticus, defined Hesychia as freedom from all word and form.","2nd-century early Christian world; candlelit interiors/courtyards/catacombs; warm cinematic lighting; documentary realism; gentle camera movement; filmic grain; no identifiable faces; respectful, reverent tone. Depict: you had to quiet not just your surroundings but your inner life. One of the most influential teachers of this path, Evagrius Ponticus, defined Hesychia as freedom from all word and form.. Visual theme: thanksgiving under trial; steadfast posture; torches and crowd silhouettes (no violence). Aspect 16:9, cinematic, natural light."
scene-045,352.0,360.0,"teachers of this path, Evagrius Ponticus, defined Hesychia as freedom from all word and form. This didn't mean blanking the mind, but resting it in the heart, where prayer could continue without","2nd-century early Christian world; candlelit interiors/courtyards/catacombs; warm cinematic lighting; documentary realism; gentle camera movement; filmic grain; no identifiable faces; respectful, reverent tone. Depict: teachers of this path, Evagrius Ponticus, defined Hesychia as freedom from all word and form. This didn't mean blanking the mind, but resting it in the heart, where prayer could continue without. Visual theme: thanksgiving under trial; steadfast posture; torches and crowd silhouettes (no violence). Aspect 16:9, cinematic, natural light."
scene-046,360.0,368.0,"without interruption. If you want to try this, find a quiet place where you won't be disturbed. Sit upright but relaxed, close your eyes, and let your breath slow naturally. When thoughts","2nd-century early Christian world; candlelit interiors/courtyards/catacombs; warm cinematic lighting; documentary realism; gentle camera movement; filmic grain; no identifiable faces; respectful, reverent tone. Depict: without interruption. If you want to try this, find a quiet place where you won't be disturbed. Sit upright but relaxed, close your eyes, and let your breath slow naturally. When thoughts. Visual theme: thanksgiving under trial; steadfast posture; torches and crowd silhouettes (no violence). Aspect 16:9, cinematic, natural light."
scene-047,368.0,376.0,"Sit upright but relaxed, close your eyes, and let your breath slow naturally. When thoughts come, and they will, notice them without judgment and let them pass. Gently return your attention to","2nd-century early Christian world; candlelit interiors/courtyards/catacombs; warm cinematic lighting; documentary realism; gentle camera movement; filmic grain; no identifiable faces; respectful, reverent tone. Depict: Sit upright but relaxed, close your eyes, and let your breath slow naturally. When thoughts come, and they will, notice them without judgment and let them pass. Gently return your attention to. Visual theme: thanksgiving under trial; steadfast posture; torches and crowd silhouettes (no violence). Aspect 16:9, cinematic, natural light."
scene-048,376.0,384.0,"and they will, notice them without judgment and let them pass. Gently return your attention to the awareness of God's presence. Over time, you may feel as if your attention is settling","2nd-century early Christian world; candlelit interiors/courtyards/catacombs; warm cinematic lighting; documentary realism; gentle camera movement; filmic grain; no identifiable faces; respectful, reverent tone. Depict: and they will, notice them without judgment and let them pass. Gently return your attention to the awareness of God's presence. Over time, you may feel as if your attention is settling. Visual theme: thanksgiving under trial; steadfast posture; torches and crowd silhouettes (no violence). Aspect 16:9, cinematic, natural light."
scene-049,384.0,392.0,"deeper in your body, a sensation the fathers described as the mind descending into the heart. In the stillness of Hesychia, many discovered that their inner life became calmer,","2nd-century early Christian world; candlelit interiors/courtyards/catacombs; warm cinematic lighting; documentary realism; gentle camera movement; filmic grain; no identifiable faces; respectful, reverent tone. Depict: deeper in your body, a sensation the fathers described as the mind descending into the heart. In the stillness of Hesychia, many discovered that their inner life became calmer,. Visual theme: thanksgiving under trial; steadfast posture; torches and crowd silhouettes (no violence). Aspect 16:9, cinematic, natural light."
scene-050,392.0,400.0,"In the stillness of Hesychia, many discovered that their inner life became calmer, like water that, once still, can finally reflect light. They believed this inner clarity allowed the soul to see","2nd-century early Christian world; candlelit interiors/courtyards/catacombs; warm cinematic lighting; documentary realism; gentle camera movement; filmic grain; no identifiable faces; respectful, reverent tone. Depict: In the stillness of Hesychia, many discovered that their inner life became calmer, like water that, once still, can finally reflect light. They believed this inner clarity allowed the soul to see. Visual theme: thanksgiving under trial; steadfast posture; torches and crowd silhouettes (no violence). Aspect 16:9, cinematic, natural light."
scene-051,400.0,408.0,"allowed the soul to see God more clearly, and to resist the pull of unhealthy desires. If you stepped into a Christian gathering in the second or third century,","2nd-century early Christian world; candlelit interiors/courtyards/catacombs; warm cinematic lighting; documentary realism; gentle camera movement; filmic grain; no identifiable faces; respectful, reverent tone. Depict: allowed the soul to see God more clearly, and to resist the pull of unhealthy desires. If you stepped into a Christian gathering in the second or third century,. Visual theme: thanksgiving under trial; steadfast posture; torches and crowd silhouettes (no violence). Aspect 16:9, cinematic, natural light."
scene-052,408.0,416.0,"If you stepped into a Christian gathering in the second or third century, you'd likely hear singing—not polished choirs, but whole communities chanting the Psalms together.","2nd-century early Christian world; candlelit interiors/courtyards/catacombs; warm cinematic lighting; documentary realism; gentle camera movement; filmic grain; no identifiable faces; respectful, reverent tone. Depict: If you stepped into a Christian gathering in the second or third century, you'd likely hear singing—not polished choirs, but whole communities chanting the Psalms together.. Visual theme: desert hermitage; hesychia; candle, still water; 'mind descends into heart' as soft light. Aspect 16:9, cinematic, natural light."
scene-053,416.0,424.0,"you'd likely hear singing—not polished choirs, but whole communities chanting the Psalms together. This was psalmody, one of the earliest forms of Christian meditation. The Psalms, inherited from Jewish worship, were more","2nd-century early Christian world; candlelit interiors/courtyards/catacombs; warm cinematic lighting; documentary realism; gentle camera movement; filmic grain; no identifiable faces; respectful, reverent tone. Depict: you'd likely hear singing—not polished choirs, but whole communities chanting the Psalms together. This was psalmody, one of the earliest forms of Christian meditation. The Psalms, inherited from Jewish worship, were more. Visual theme: desert hermitage; hesychia; candle, still water; 'mind descends into heart' as soft light. Aspect 16:9, cinematic, natural light."
scene-054,424.0,432.0,"inherited from Jewish worship, were more than poetry. They were the prayer book of Jesus himself. When early Christians sang them, they entered into the same prayers that had shaped Israel's","2nd-century early Christian world; candlelit interiors/courtyards/catacombs; warm cinematic lighting; documentary realism; gentle camera movement; filmic grain; no identifiable faces; respectful, reverent tone. Depict: inherited from Jewish worship, were more than poetry. They were the prayer book of Jesus himself. When early Christians sang them, they entered into the same prayers that had shaped Israel's. Visual theme: desert hermitage; hesychia; candle, still water; 'mind descends into heart' as soft light. Aspect 16:9, cinematic, natural light."
scene-055,432.0,440.0,"When early Christians sang them, they entered into the same prayers that had shaped Israel's faith for centuries. St. Athanasius of Alexandria, a fourth-century bishop who defended Christian belief under persecution, once","2nd-century early Christian world; candlelit interiors/courtyards/catacombs; warm cinematic lighting; documentary realism; gentle camera movement; filmic grain; no identifiable faces; respectful, reverent tone. Depict: When early Christians sang them, they entered into the same prayers that had shaped Israel's faith for centuries. St. Athanasius of Alexandria, a fourth-century bishop who defended Christian belief under persecution, once. Visual theme: desert hermitage; hesychia; candle, still water; 'mind descends into heart' as soft light. Aspect 16:9, cinematic, natural light."
scene-056,440.0,448.0,"belief under persecution, once wrote to a friend, He who recites the Psalms is uttering the words of his own soul, as though they were written for him alone. You can still","2nd-century early Christian world; candlelit interiors/courtyards/catacombs; warm cinematic lighting; documentary realism; gentle camera movement; filmic grain; no identifiable faces; respectful, reverent tone. Depict: belief under persecution, once wrote to a friend, He who recites the Psalms is uttering the words of his own soul, as though they were written for him alone. You can still. Visual theme: desert hermitage; hesychia; candle, still water; 'mind descends into heart' as soft light. Aspect 16:9, cinematic, natural light."
scene-057,448.0,456.0,"of his own soul, as though they were written for him alone. You can still use psalmody today: choose a psalm and read it slowly, letting each line settle before moving on,","2nd-century early Christian world; candlelit interiors/courtyards/catacombs; warm cinematic lighting; documentary realism; gentle camera movement; filmic grain; no identifiable faces; respectful, reverent tone. Depict: of his own soul, as though they were written for him alone. You can still use psalmody today: choose a psalm and read it slowly, letting each line settle before moving on,. Visual theme: desert hermitage; hesychia; candle, still water; 'mind descends into heart' as soft light. Aspect 16:9, cinematic, natural light."
scene-058,456.0,464.0,"choose a psalm and read it slowly, letting each line settle before moving on, or sing it aloud in a simple chant, even if you're alone. Over time, certain psalms may rise","2nd-century early Christian world; candlelit interiors/courtyards/catacombs; warm cinematic lighting; documentary realism; gentle camera movement; filmic grain; no identifiable faces; respectful, reverent tone. Depict: choose a psalm and read it slowly, letting each line settle before moving on, or sing it aloud in a simple chant, even if you're alone. Over time, certain psalms may rise. Visual theme: desert hermitage; hesychia; candle, still water; 'mind descends into heart' as soft light. Aspect 16:9, cinematic, natural light."
scene-059,464.0,472.0,certain psalms may rise up in your mind exactly when you need them—almost as if they've memorized you. But not all prayers were long or sung. Some were short enough to fit,"2nd-century early Christian world; candlelit interiors/courtyards/catacombs; warm cinematic lighting; documentary realism; gentle camera movement; filmic grain; no identifiable faces; respectful, reverent tone. Depict: certain psalms may rise up in your mind exactly when you need them—almost as if they've memorized you. But not all prayers were long or sung. Some were short enough to fit. Visual theme: desert hermitage; hesychia; candle, still water; 'mind descends into heart' as soft light. Aspect 16:9, cinematic, natural light."
scene-060,472.0,480.0,"memorized you. But not all prayers were long or sung. Some were short enough to fit inside a single breath. These arrow prayers were designed for sudden moments, a temptation, a danger,","2nd-century early Christian world; candlelit interiors/courtyards/catacombs; warm cinematic lighting; documentary realism; gentle camera movement; filmic grain; no identifiable faces; respectful, reverent tone. Depict: memorized you. But not all prayers were long or sung. Some were short enough to fit inside a single breath. These arrow prayers were designed for sudden moments, a temptation, a danger,. Visual theme: psalmody; simple chant; psalter pages; Athanasius letter vibe. Aspect 16:9, cinematic, natural light."
scene-061,480.0,488.0,"a temptation, a danger, a flash of gratitude. Examples appear in Scripture: Peter's cry when sinking on the water, Lord, save me, or the tax collector's plea in Jesus'","2nd-century early Christian world; candlelit interiors/courtyards/catacombs; warm cinematic lighting; documentary realism; gentle camera movement; filmic grain; no identifiable faces; respectful, reverent tone. Depict: a temptation, a danger, a flash of gratitude. Examples appear in Scripture: Peter's cry when sinking on the water, Lord, save me, or the tax collector's plea in Jesus'. Visual theme: psalmody; simple chant; psalter pages; Athanasius letter vibe. Aspect 16:9, cinematic, natural light."
scene-062,488.0,496.0,"Peter's cry when sinking on the water, Lord, save me, or the tax collector's plea in Jesus' parable, God, be merciful to me, a sinner. By the time of the desert fathers,","2nd-century early Christian world; candlelit interiors/courtyards/catacombs; warm cinematic lighting; documentary realism; gentle camera movement; filmic grain; no identifiable faces; respectful, reverent tone. Depict: Peter's cry when sinking on the water, Lord, save me, or the tax collector's plea in Jesus' parable, God, be merciful to me, a sinner. By the time of the desert fathers,. Visual theme: psalmody; simple chant; psalter pages; Athanasius letter vibe. Aspect 16:9, cinematic, natural light."
scene-063,496.0,504.0,"these short prayers were being repeated throughout the day, becoming the seeds of what would later grow into the Jesus Prayer tradition. Try choosing a short line—Lord, have mercy—","2nd-century early Christian world; candlelit interiors/courtyards/catacombs; warm cinematic lighting; documentary realism; gentle camera movement; filmic grain; no identifiable faces; respectful, reverent tone. Depict: these short prayers were being repeated throughout the day, becoming the seeds of what would later grow into the Jesus Prayer tradition. Try choosing a short line—Lord, have mercy—. Visual theme: psalmody; simple chant; psalter pages; Athanasius letter vibe. Aspect 16:9, cinematic, natural light."
scene-064,504.0,512.0,"grow into the Jesus Prayer tradition. Try choosing a short line—Lord, have mercy— and saying it when you start a task, face a choice, or feel stress. It's like touching base with","2nd-century early Christian world; candlelit interiors/courtyards/catacombs; warm cinematic lighting; documentary realism; gentle camera movement; filmic grain; no identifiable faces; respectful, reverent tone. Depict: grow into the Jesus Prayer tradition. Try choosing a short line—Lord, have mercy— and saying it when you start a task, face a choice, or feel stress. It's like touching base with. Visual theme: psalmody; simple chant; psalter pages; Athanasius letter vibe. Aspect 16:9, cinematic, natural light."
scene-065,512.0,520.0,"base with God again and again. The early Christians also believed prayer could be woven into daily work. John Cassian, a 5th-century monk, recorded how Egyptian hermits prayed","2nd-century early Christian world; candlelit interiors/courtyards/catacombs; warm cinematic lighting; documentary realism; gentle camera movement; filmic grain; no identifiable faces; respectful, reverent tone. Depict: base with God again and again. The early Christians also believed prayer could be woven into daily work. John Cassian, a 5th-century monk, recorded how Egyptian hermits prayed. Visual theme: psalmody; simple chant; psalter pages; Athanasius letter vibe. Aspect 16:9, cinematic, natural light."
scene-066,520.0,528.0,"daily work. John Cassian, a 5th-century monk, recorded how Egyptian hermits prayed even while weaving baskets or tending gardens. They linked the rhythm of their hands to the rhythm of their prayers,","2nd-century early Christian world; candlelit interiors/courtyards/catacombs; warm cinematic lighting; documentary realism; gentle camera movement; filmic grain; no identifiable faces; respectful, reverent tone. Depict: daily work. John Cassian, a 5th-century monk, recorded how Egyptian hermits prayed even while weaving baskets or tending gardens. They linked the rhythm of their hands to the rhythm of their prayers,. Visual theme: psalmody; simple chant; psalter pages; Athanasius letter vibe. Aspect 16:9, cinematic, natural light."
scene-067,528.0,536.0,"rhythm of their prayers, so that work itself became a form of devotion. Finally, there were practices that joined prayer to the rhythm of the body, especially the breath. Early forms of","2nd-century early Christian world; candlelit interiors/courtyards/catacombs; warm cinematic lighting; documentary realism; gentle camera movement; filmic grain; no identifiable faces; respectful, reverent tone. Depict: rhythm of their prayers, so that work itself became a form of devotion. Finally, there were practices that joined prayer to the rhythm of the body, especially the breath. Early forms of. Visual theme: arrow prayers; brief plea and relief; hand gestures; sky opening. Aspect 16:9, cinematic, natural light."
scene-068,536.0,544.0,"that joined prayer to the rhythm of the body, especially the breath. Early forms of this appear in the desert fathers, where a short prayer was gently repeated with the natural inhalation","2nd-century early Christian world; candlelit interiors/courtyards/catacombs; warm cinematic lighting; documentary realism; gentle camera movement; filmic grain; no identifiable faces; respectful, reverent tone. Depict: that joined prayer to the rhythm of the body, especially the breath. Early forms of this appear in the desert fathers, where a short prayer was gently repeated with the natural inhalation. Visual theme: arrow prayers; brief plea and relief; hand gestures; sky opening. Aspect 16:9, cinematic, natural light."
scene-069,544.0,552.0,"and exhalation, never forced. Some placed their attention in the chest or belly, letting the mind descend into the heart. Alongside this came watchfulness, or nepsis,","2nd-century early Christian world; candlelit interiors/courtyards/catacombs; warm cinematic lighting; documentary realism; gentle camera movement; filmic grain; no identifiable faces; respectful, reverent tone. Depict: and exhalation, never forced. Some placed their attention in the chest or belly, letting the mind descend into the heart. Alongside this came watchfulness, or nepsis,. Visual theme: arrow prayers; brief plea and relief; hand gestures; sky opening. Aspect 16:9, cinematic, natural light."
scene-070,552.0,560.0,"letting the mind descend into the heart. Alongside this came watchfulness, or nepsis, keeping an inner guard over thoughts. Evagrius described it as standing at the door of the heart, ready to","2nd-century early Christian world; candlelit interiors/courtyards/catacombs; warm cinematic lighting; documentary realism; gentle camera movement; filmic grain; no identifiable faces; respectful, reverent tone. Depict: letting the mind descend into the heart. Alongside this came watchfulness, or nepsis, keeping an inner guard over thoughts. Evagrius described it as standing at the door of the heart, ready to. Visual theme: prayer woven into work—basket weaving, garden tending; rhythm of hands. Aspect 16:9, cinematic, natural light."
scene-071,560.0,568.0,ready to refuse harmful thoughts before they entered. Practicing watchfulness today might mean pausing several times a day to notice what's happening inside you. What am I feeling? What,"2nd-century early Christian world; candlelit interiors/courtyards/catacombs; warm cinematic lighting; documentary realism; gentle camera movement; filmic grain; no identifiable faces; respectful, reverent tone. Depict: ready to refuse harmful thoughts before they entered. Practicing watchfulness today might mean pausing several times a day to notice what's happening inside you. What am I feeling? What. Visual theme: prayer woven into work—basket weaving, garden tending; rhythm of hands. Aspect 16:9, cinematic, natural light."
scene-072,568.0,576.0,"pausing several times a day to notice what's happening inside you. What am I feeling? What thoughts are circling? Are they leading me toward love, humility, and peace, or away from them?","2nd-century early Christian world; candlelit interiors/courtyards/catacombs; warm cinematic lighting; documentary realism; gentle camera movement; filmic grain; no identifiable faces; respectful, reverent tone. Depict: pausing several times a day to notice what's happening inside you. What am I feeling? What thoughts are circling? Are they leading me toward love, humility, and peace, or away from them?. Visual theme: prayer woven into work—basket weaving, garden tending; rhythm of hands. Aspect 16:9, cinematic, natural light."
scene-073,576.0,584.0,"With these practices—from psalmody to breath prayer, from thanksgiving to watchfulness— the early Christians built a spiritual life that touched every breath, every thought,","2nd-century early Christian world; candlelit interiors/courtyards/catacombs; warm cinematic lighting; documentary realism; gentle camera movement; filmic grain; no identifiable faces; respectful, reverent tone. Depict: With these practices—from psalmody to breath prayer, from thanksgiving to watchfulness— the early Christians built a spiritual life that touched every breath, every thought,. Visual theme: prayer woven into work—basket weaving, garden tending; rhythm of hands. Aspect 16:9, cinematic, natural light."
scene-074,584.0,592.0,"the early Christians built a spiritual life that touched every breath, every thought, every action. And while their world was very different from ours, the heartbeat of their prayer still resonates across","2nd-century early Christian world; candlelit interiors/courtyards/catacombs; warm cinematic lighting; documentary realism; gentle camera movement; filmic grain; no identifiable faces; respectful, reverent tone. Depict: the early Christians built a spiritual life that touched every breath, every thought, every action. And while their world was very different from ours, the heartbeat of their prayer still resonates across. Visual theme: watchfulness (nepsis); guarding doorway of heart; sunset city wide. Aspect 16:9, cinematic, natural light."
scene-075,592.0,594.83,"still resonates across the centuries, waiting to be rediscovered.","2nd-century early Christian world; candlelit interiors/courtyards/catacombs; warm cinematic lighting; documentary realism; gentle camera movement; filmic grain; no identifiable faces; respectful, reverent tone. Depict: still resonates across the centuries, waiting to be rediscovered.. Visual theme: watchfulness (nepsis); guarding doorway of heart; sunset city wide. Aspect 16:9, cinematic, natural light."
